{"Logistic Regression": {"Accuracy": 96.61999999999999, "Precision": 96.61999999999999, "Recall": 96.61999999999999, "F1 Score": 96.61999999999999}, "Naive Bayes": {"Accuracy": 93.25, "Precision": 93.25, "Recall": 93.25, "F1 Score": 93.25}, "KNN": {"Accuracy": 95.82000000000001, "Precision": 95.82000000000001, "Recall": 95.82000000000001, "F1 Score": 95.82000000000001}, "SGD": {"Accuracy": 95.71, "Precision": 95.71, "Recall": 95.71, "F1 Score": 95.71}, "XGB": {"Accuracy": 96.45, "Precision": 96.45, "Recall": 96.45, "F1 Score": 96.45}}