{"Random Forest": {"Accuracy": 96.41999999999999, "Precision": 96.41999999999999, "Recall": 96.41999999999999, "F1 Score": 96.41999999999999}}