{"Logistic Regression": {"Accuracy": 92.9, "Precision": 92.9, "Recall": 92.9, "F1 Score": 92.9}, "Naive Bayes": {"Accuracy": 83.97, "Precision": 83.97, "Recall": 83.97, "F1 Score": 83.97}, "KNN": {"Accuracy": 89.55, "Precision": 89.55, "Recall": 89.55, "F1 Score": 89.55}, "SGD": {"Accuracy": 89.05999999999999, "Precision": 89.05999999999999, "Recall": 89.05999999999999, "F1 Score": 89.05999999999999}, "XGB": {"Accuracy": 88.4, "Precision": 88.4, "Recall": 88.4, "F1 Score": 88.4}}