{"Logistic Regression": {"Accuracy": 93.45, "Precision": 93.45, "Recall": 93.45, "F1 Score": 93.45}, "Naive Bayes": {"Accuracy": 89.83, "Precision": 89.83, "Recall": 89.83, "F1 Score": 89.83}, "KNN": {"Accuracy": 89.33, "Precision": 89.33, "Recall": 89.33, "F1 Score": 89.33}, "SGD": {"Accuracy": 91.39, "Precision": 91.39, "Recall": 91.39, "F1 Score": 91.39}, "XGB": {"Accuracy": 88.46000000000001, "Precision": 88.46000000000001, "Recall": 88.46000000000001, "F1 Score": 88.46000000000001}}