{"Random Forest": {"Accuracy": 89.27000000000001, "Precision": 89.27000000000001, "Recall": 89.27000000000001, "F1 Score": 89.27000000000001}}